{
    "disease_name":"mPower",
    "from_date":"December 2014",
    "to_date":"January 2015",
    "logo_name": "logo_research_institute",
    "blog_url": "http://sagebionetworkstest.blogspot.com/feeds/posts/default?alt=rss",
    "questions":
    [
     {
     "title":"Welcome to mPower",
     "details":"A Parkinson Disease Research Study",
     },
     
     {
     "title":"About this Study",
     "details":"AboutStudy_intro",
    
     },
     
     {
     "title":"About the App",
     "details":"Please tap on the image below to watch a short video introduction to mPower.",
     "video_name" : "Intro",
     },
     
     {
     "title":"How this Study works",
     "details":"howstudyworks_intro",
     
     },
     
     {
     "title":"How this Study works",
     "details":"feedback_intro",
    
     },
     
     {
     "title":"Who is Running this Study",
     "details":"whoisrunning_intro",
   
     },
     
     ]
}
